Name,Age,Fare,Sex,Class,SibSp,Survived
Marco Brown,45,248.88845391267088,1,1,7,1
Sara Murray,48,290.54096483603155,1,2,5,1
Gary Hall,65,120.7785200199592,1,2,0,0
Megan Williams,68,84.51270306458063,1,3,2,0
Andrea Campbell,68,429.79041820981075,0,3,1,1
Brian Jimenez,10,29.26746111777939,0,1,0,0
Christina Taylor,84,235.31045195903644,0,1,5,1
Jonathan Anderson,22,57.91700065044264,0,1,7,0
Elizabeth Chandler,37,228.52938066568368,0,2,3,1
Eric Villegas,88,489.98116317115466,1,2,4,1
Robert Franklin,71,211.8531767277364,0,3,4,1
Lori Guerra,89,428.56245875228365,1,3,7,1
Kimberly Richardson,89,58.65778209159694,1,3,1,0
Amanda King,13,135.62603838093207,1,1,7,1
Michael Logan,59,201.89637033366725,1,1,7,1
Jason Stanton,66,199.90607000466537,0,1,8,1
Kayla Romero,40,335.6917393350766,0,2,5,1
Linda Burgess,88,172.35906368775383,1,2,6,1
Thomas Tucker,47,356.8834342050082,1,3,1,1
Katherine Reyes,89,319.59344961269625,0,1,0,1
Robin Johnson,82,199.58057262738654,1,2,0,1
Kristin Jenkins,38,215.88006382715963,1,1,0,1
Brady Watson,26,307.2638499051604,0,2,2,1
Virginia Richardson,78,35.02109507232232,1,1,3,0
Kristi Brewer,73,411.20336917784516,1,2,1,1
Deborah Bailey,10,326.71058055681846,1,2,6,1
Madison Simpson,21,363.1712322089176,1,2,4,1
Scott Campos,81,268.4615005411952,1,2,0,1
Walter Obrien,70,55.23855549587237,0,3,8,0
Laura Ruiz,80,202.51780664847496,0,1,8,1
Luke Williams,48,202.68679142427803,0,2,6,1
James Gallegos PhD,65,160.52149502160844,0,2,4,1
Catherine Martinez,83,14.97516245237468,0,1,5,0
Mark Riddle,89,368.62712129823865,0,2,5,1
Colton Perez,50,54.89222903125035,1,2,7,1
Austin Long,30,303.15406652254256,0,1,7,1
Meghan Lopez,20,351.60874823360786,0,3,3,1
Mario Boyd,20,317.39316146684735,0,3,5,1
Mr. Justin Romero MD,15,479.5711259889875,0,2,5,1
Erika Cook,40,51.64907754256931,0,3,4,0
Sandra Martinez,33,433.5835795525996,0,3,0,1
Nicole Miller,66,14.595117424456628,0,2,5,0
Jack Gonzales,10,267.45842746354197,1,2,6,1
Kevin Escobar,58,202.1218089696294,0,3,7,1
Mr. Daniel Moreno,33,262.0919301968791,0,2,0,1
Laurie Mora,32,182.5499385300049,0,2,8,1
Amanda Fry,75,95.28345747003402,0,3,0,0
Michael Wright,24,9.56144872434489,1,1,7,1
Meghan Sparks,36,259.07490689558716,1,3,8,1
Jennifer Tucker,76,421.38843134242114,1,3,8,1
Mary Rojas,56,186.60797787239707,0,3,4,1
Mary Lee,29,111.43190900749012,0,2,0,1
Jared Thompson,35,40.26600173592204,0,3,3,1
Mr. Travis Mendez,1,42.65546155935168,0,2,6,0
Taylor Stewart,1,110.69822314638611,0,1,8,1
Jeffrey Barber,37,50.00703046077759,0,3,3,0
Chelsea Robinson,54,132.51984918224102,0,1,4,1
Alicia Gould,6,33.074731058477354,1,3,4,1
Joshua Wise,39,32.80243360496282,1,2,4,1
Patricia Johnson,18,428.13808981139096,1,1,1,1
Victoria Wagner,80,81.06013035441661,1,3,3,0
Colleen Garrett,5,279.841202911724,0,1,8,1
Cindy Haney,43,386.72777222451526,1,2,8,1
Thomas Horn,59,228.2047826695333,1,2,3,1
Valerie Pearson,32,76.68443892967287,1,3,2,1
Paul Paul,2,99.79807106005717,1,3,1,1
Ronald Johnson,66,216.49210314059036,1,1,4,1
Tammy Gonzalez,42,264.1170445892679,0,2,7,1
Michael Bell,58,174.72014602426745,1,2,6,1
Matthew Cross,36,390.7398001173307,1,3,8,1
Donald Walker,12,375.5108244281992,1,2,0,1
Christopher Baldwin,47,463.605903686559,1,2,1,1
Margaret Winters,83,14.47627451348027,0,2,1,0
Kevin Villa,92,447.8456456051017,0,1,3,1
James Chan,1,196.2843942310755,0,1,7,1
Matthew Lee,15,439.18624768999706,1,1,8,1
Ashley Torres,54,345.3923880782648,1,2,4,1
Christian Gomez,13,493.6743785369841,1,3,6,1
Eric Stokes,43,379.64122585833405,0,3,2,1
Mr. Richard Harris,85,182.27231299839332,0,3,6,0
Kristina Blair,76,250.53158641737605,0,1,0,1
Andrea Mason,69,188.19457759717562,0,2,0,1
Johnny Moreno,7,182.45591801061906,1,1,2,1
James Noble,69,130.45224969052987,0,1,0,0
Jacob Stevens,48,247.9851476867348,0,3,5,1
Heather Thomas,4,340.8699725346806,1,3,0,1
Melissa Valentine,77,138.67013565262175,0,2,4,1
Sherry Arnold,53,262.18990553861,0,1,7,1
Anne Griffith,79,58.69014708527859,0,2,7,0
Lisa Ward,16,79.92264342709565,0,1,1,1
Alexandra Wilkerson,21,23.403177356094375,0,2,8,0
Erik Gardner,59,485.3657213853164,0,1,6,1
Jennifer Davis,24,1.9301757551305476,1,2,5,1
Austin Miller,80,89.28998402882814,1,1,1,1
Michael Mckenzie,14,306.43337655849615,1,1,5,1
Matthew Mccoy,86,40.68479942665265,1,3,4,0
Nichole Wiley,49,440.9482515484162,1,1,2,1
Misty Burgess,50,359.8100789211441,1,3,6,1
Amber Johnson,70,483.1949857189467,1,2,1,1
Alexis Humphrey,42,253.81777362038244,0,3,1,1
Jacqueline White,36,150.2018415792436,0,1,7,0
Anthony Miller,65,274.7502863976357,0,3,5,1
Shawn Gray,96,465.4093586489866,0,3,4,1
Sean Haynes,70,260.3807186209303,0,2,1,1
Devon Ross,95,133.60351593115934,0,3,5,1
Robert Nelson,1,438.6993945870598,0,2,7,1
Mark Armstrong,51,185.95937425623066,1,2,8,1
Stephanie Beck,37,0.6916749994995697,0,3,2,0
James Michael,35,123.84251124615797,1,1,4,0
Alec Trevino,49,159.1167545885312,0,2,7,1
Rebecca Roman,94,429.3887341159511,1,3,2,1
Sonia Melton,4,229.25158353322252,0,2,8,1
Amanda Brady,99,222.29364390565038,1,3,2,1
Hunter Adams,43,168.0511331999437,0,3,1,1
Patricia Smith,78,440.3390615235398,1,1,8,1
Crystal Miller,22,472.5133884701957,0,3,7,1
Gerald Russell,74,495.9451645773147,0,2,1,1
John Williams,1,188.37063348049338,0,2,3,1
Peter Mahoney,11,483.0737228135857,1,1,5,1
David Young,44,395.93978481545065,0,2,8,1
Mark Thomas,59,337.8445738221334,0,1,1,1
Kimberly Oliver,24,122.44473971004972,1,3,3,1
Peter Martinez,60,108.2286304721049,1,3,1,0
Jennifer Johnson,3,83.02391226062284,1,3,2,0
Maurice Carey,99,461.3783051126827,0,1,7,1
Dawn Walter,63,147.03833119158304,1,2,5,1
Anthony Bennett,36,226.54712272443922,0,2,8,1
Brittany Smith,95,246.97891699361173,1,3,5,1
Pamela Davis,68,389.08579772512707,1,2,3,1
Jonathan Wilson,83,422.1174807765121,1,1,2,1
Deborah Page,47,69.53635057430641,1,1,5,0
Michele Miller,21,213.45218010553685,0,1,4,1
Connie Ochoa,82,421.42744391772857,1,1,8,1
Jacqueline Dunn,51,409.0166528779192,0,2,1,1
Joel Steele,28,51.2068792262082,0,1,0,0
Leslie Walker,15,78.1916744339815,1,2,8,1
Kathryn Garcia,42,152.0993457997039,1,3,8,1
Monica Lucas,59,37.679534541670165,1,2,4,1
Danielle Morrow,66,212.33150142029643,0,1,0,1
Ashley Hodges,37,53.808852574790954,0,2,4,0
Hannah Bennett,11,284.10879683492254,1,3,2,1
Karina Robinson,87,123.27846990557806,1,3,7,0
Kelly Velasquez,44,298.21653267481133,1,3,4,1
Heather Coleman,12,58.76282145181882,0,2,4,0
James Porter,3,487.94193420926666,1,1,5,1
David Davila,52,466.2806019286702,1,1,6,1
Angela Aguilar,81,195.8984692823329,0,2,3,1
Yvette Sullivan,33,121.08929706304272,1,1,7,1
Matthew Montes,55,125.19910642678639,0,1,0,0
Catherine Lloyd,1,241.69676760119603,1,2,4,1
Zachary Carter,39,19.996400950358485,1,3,4,0
James Lopez,20,319.8525530375635,0,1,5,1
Desiree Franklin,47,204.1514541698724,1,3,8,1
Sharon Walters,43,188.70328629444367,0,1,5,1
Janice Gonzales,57,404.6824857445992,1,3,6,1
Kiara Morales,61,354.517730091645,0,3,1,1
Curtis Fitzpatrick,78,477.166907696346,0,1,4,1
Terri Washington,31,175.96812024784535,1,1,5,1
Gary Morgan,25,448.77138232470276,0,2,3,1
Kelly Rojas,3,384.9835931250444,1,1,6,1
Mr. Corey Henson,4,178.71232579735653,1,1,8,1
Dale Velazquez,95,310.8327182266289,1,2,7,1
Lawrence Miller,99,144.2849788258478,1,3,4,1
Monica Sanders,14,437.19995853742114,0,2,7,1
Lisa Smith,41,56.213658606155626,1,3,8,1
Dana Villarreal,73,106.21718064702051,1,2,1,0
Morgan Molina,20,91.51664603996056,1,1,4,0
Kenneth Martinez,96,201.51300120214432,0,1,5,1
Matthew Barron,73,372.61648001606454,0,3,5,1
Anthony Norton,27,263.4537245260902,1,1,3,1
Hunter Logan,67,243.83816176910378,1,3,8,1
Adam Chase,53,0.27298244849782716,1,2,3,0
James Mason,68,212.70086267752737,1,1,5,1
Jessica Benitez,62,31.776887418079212,1,3,3,1
Kenneth Mercado,15,104.12662606074191,0,2,4,1
Elizabeth Smith,97,466.1969694802472,0,1,6,1
Johnny Diaz,5,107.6991021716191,1,1,1,0
Jessica Jackson,68,429.16881931713124,1,3,7,1
Paul Brown,12,401.4466857806671,0,1,6,1
George Arnold,87,79.57311847112142,0,3,5,0
Victor Brown,78,302.8559786351394,0,1,2,1
Linda Johnson,76,57.83093595250666,1,2,3,1
Cindy Ibarra,57,363.94407918475576,0,1,5,1
Gregory Shields,17,318.7311386861033,1,3,8,1
Marcus Mckee,25,405.9692808455097,1,3,3,1
Melissa Boone,30,239.69227469459403,1,3,1,1
Victoria Fox,22,457.43154391669145,0,2,6,1
Carrie Mayer,26,24.674473394219852,1,1,7,0
Keith Oconnell,81,146.44428251350732,0,1,8,1
Rodney Olson,61,357.52629873258354,0,1,1,1
Matthew Lopez,62,209.05460587400043,0,3,7,1
Brenda Patel,84,86.4756771355782,0,3,3,0
Ashley Russo,34,53.60537271427302,0,1,7,0
Daniel Smith,33,408.6695557308107,1,3,4,1
Aaron Roberson,71,236.57148923282213,0,1,1,1
Amy Berry,86,441.1418359595537,1,1,1,1
Mark Willis,32,366.64456715836303,1,3,8,1
Daniel Diaz,14,204.8631028153718,1,1,2,1
Sierra Barnes,72,186.75550707784183,1,3,0,1
Phillip Willis,57,257.81917332562585,1,1,8,1
Monica Scott,25,444.5299765948643,1,3,5,1
Joshua Tran,80,368.63928985708395,0,3,5,1
Jeffery Johnson,42,2.576482134511615,1,3,3,0
Suzanne Elliott,19,347.07892568456276,0,1,0,1
Christy Perez,41,459.7537034529103,0,1,1,1
Dr. Barbara Jackson MD,55,355.22787975224577,0,2,7,1
Joseph Marshall,80,88.50289078374796,0,1,4,0
Melissa Marshall,12,241.75906371372935,0,1,4,1
Meghan Vaughn,39,70.15800896170971,1,1,4,0
Sandra Roberts,94,179.49763916981604,1,2,4,1
Arthur Turner,2,468.5585209702588,0,2,5,1
Evan Barry,96,461.6526537793542,0,1,6,1
Ashley Munoz,45,141.41842608804146,0,1,8,1
William Garza,89,169.81552208309958,0,3,4,1
Emily Owens,25,300.10643406564697,1,1,4,1
Anthony Thomas,68,481.59864763019,0,3,7,1
Timothy Stokes,83,73.90066703269521,0,1,7,0
Joseph Taylor,4,128.45832184333455,0,3,4,0
Jennifer Edwards,77,436.77841364538574,1,2,5,1
Susan Marshall,36,245.94611585417226,0,2,7,1
Victoria Evans,87,449.48054611351586,1,1,4,1
William Nelson,62,92.75894876158813,0,2,5,0
Mark Fisher,70,266.3342937356804,1,2,1,1
Darius Castillo,88,163.13481632468617,0,3,4,1
Richard Jones,44,158.27127994623802,1,2,0,0
Melissa Kennedy,33,223.43848197309956,0,1,1,1
Lisa Higgins,12,216.5387245506342,0,1,3,1
Michael Johnson,85,178.6734398389772,1,2,2,1
Shelley Wall,11,457.4853851578093,1,1,0,1
Melanie Crawford,55,365.8720927164464,0,2,7,1
Joseph Butler,38,363.7734956657648,0,1,2,1
Justin Edwards,29,144.95672479597772,0,3,0,0
Ann Warren,3,288.85471215842017,1,2,1,1
Joanne Green,28,389.589716650917,1,1,8,1
Kenneth Lane,84,397.79518427160656,1,3,1,1
Tammie Perez,90,172.26523037715614,1,2,1,1
Allison Dixon MD,24,385.4363782843239,0,1,5,1
David Thomas,54,367.9469484038665,1,2,6,1
Pamela Wallace,52,70.75324281095014,1,3,6,1
Heather Mcconnell,47,432.97273428323865,0,2,8,1
George Parker,21,220.6607350902054,1,3,1,1
Alexander Trujillo,54,243.20522444433274,0,3,5,1
Stephen Mccall,30,224.18458944899865,1,1,5,1
Joe Gibbs,68,283.9230007387538,0,3,6,1
Nicholas Martinez,36,310.58462368352735,0,3,0,1
Breanna Raymond,40,249.0897828814717,0,1,3,1
Robert Morris,10,433.3942716295478,0,3,7,1
Alyssa Tucker,74,313.8673780976422,0,1,2,1
Anthony Chaney,42,200.71397465276,0,1,0,1
Tara Arnold,24,208.34587845435547,1,3,7,1
Theresa Thomas,4,405.4193075644757,0,2,7,1
Brian Johnson,47,174.09597137326006,0,3,6,1
William Garza,91,105.72739789120678,1,2,7,1
Mr. Derek Harvey,51,29.691594002894618,1,3,0,0
Timothy Manning,4,438.01342396028707,1,1,6,1
Derek Maxwell,32,459.27322559517495,1,3,0,1
Kathy Vega,10,60.06009108173799,1,1,2,0
Scott Wheeler,11,167.23687074805744,0,2,6,1
Darren Smith,28,87.68603475762194,1,3,8,1
Rhonda Stephenson,46,57.949234412939866,0,2,8,1
Anthony Santos,72,449.9333715000151,0,3,6,1
Robert Rodriguez,40,28.438629572677733,1,1,3,0
Thomas Owen,62,490.2428317345034,0,1,2,1
Luke Romero,86,48.225430348692086,0,3,3,0
Amy Phillips,98,431.73532459679285,1,2,1,1
Charles Wolf,45,283.25305349458137,0,3,4,1
Sarah Norton,35,183.9587439089367,1,3,0,1
Tina Hansen,35,171.17118831257895,1,3,8,1
Curtis Fuentes,89,378.68207161885437,1,2,2,1
Luis Hammond,34,157.2866475021436,1,3,6,1
Lori Taylor,6,328.6594583085709,0,1,7,1
Sandra Anderson,37,258.66304175804004,0,3,7,1
Catherine Payne,1,242.48282257903526,1,3,8,1
Mark Klein,76,450.5810853245808,0,1,0,1
James Moore,35,277.32252931012977,1,3,2,1
Ryan Lawson,70,413.4308015243475,0,2,1,1
Caitlin Carpenter,54,362.7867670507447,0,3,6,1
Cassidy Bradford,81,19.278623029499176,1,2,3,0
John Patel,63,386.5550262527096,1,3,6,1
Erica Wagner,9,108.43512504552034,0,3,7,0
Marissa Howard,62,451.5748234257858,0,3,4,1
Deanna Andrews,2,21.462095304416007,0,2,0,0
Ryan Bradford,82,166.53601723715937,0,1,8,1
Bryan Campbell,36,49.866473617377004,1,3,2,0
Kathryn Brown,92,237.79455854242187,0,3,3,1
Daniel Mendoza,41,410.0112179348759,0,3,2,1
Mark Barrett,37,149.09367983153206,0,1,8,1
Mary Jackson,49,75.4674486555208,1,3,0,0
Ashley Davis,26,165.1335178484496,1,2,6,1
Michael Sweeney,68,406.940070960318,0,1,6,1
Kelli Kim,36,70.19197889967343,0,2,5,0
Adriana Johnson,31,113.6812245387509,1,2,7,1
Cheyenne Garza,30,34.42598224668697,0,1,3,0
Mrs. Judith Sanders,34,352.85502199480385,0,1,6,1
Cindy Morris,19,197.61662176816841,0,3,8,1
George Torres,18,155.419988571658,1,1,5,1
John Martin,94,359.31319517057597,0,2,2,1
Shannon Miller,85,167.98877117012762,0,3,8,0
Paul Lee,3,363.885636607209,0,1,1,1
Bradley Brown,70,407.59969765715675,1,2,4,1
James Novak,13,108.83142172886923,1,1,0,1
Elizabeth Allen,45,486.9093484229917,0,3,4,1
William Mejia,67,81.1789739563334,0,2,7,0
Christopher Gonzales,92,145.42045332837128,0,1,0,1
Patricia Keller,86,89.89764541677081,0,3,1,1
Andrew Aguirre,40,172.75282817816722,0,1,4,1
Maria Torres,40,240.0304439103778,1,3,0,1
Meredith Johnston,76,261.0879345010595,1,2,0,1
Lindsey Dennis,23,426.803021148136,0,2,0,1
Deborah Christian,31,444.72395440793326,1,1,3,1
David Baldwin,18,110.0519303904532,0,2,8,0
Monica Freeman,71,311.44701609287625,1,1,6,1
Gina Reed,72,55.74802864935779,1,1,2,1
Tonya Stein,19,229.48493009103416,0,2,0,1
David Ortiz,93,161.16676902330906,1,1,6,1
Dawn Compton,44,158.2503727268032,1,1,5,1
Melissa Lamb,84,241.2921208560505,1,2,6,1
Mr. Robert Pearson PhD,50,364.9138177646338,1,3,1,1
Christopher Moore,42,34.591329396194745,0,1,4,0
Cynthia Smith,94,439.5866688437022,1,1,4,1
Tina Friedman,47,367.4068873152805,0,1,2,1
Christina Davis,22,88.24969444453006,0,2,2,1
Jason Gross,74,469.58045454368516,1,3,4,1
Victor Campbell,90,253.1561120116943,0,2,3,1
Wendy Barnes,97,499.9042890584827,0,2,3,1
Brandi Roach,92,98.62973715036883,0,2,6,0
Tyler Fernandez,74,267.4540991916007,0,3,0,1
Ronald Smith,29,145.1240212799642,0,2,8,1
Joshua Davidson,82,152.0867786946233,1,2,5,1
Michael Sampson,59,295.5326904169951,0,2,5,1
Thomas Lowery,1,460.8595334354166,0,3,2,1
Lisa Tucker,87,402.6319277895875,1,3,0,1
Terry Thomas,64,361.97069925066296,1,3,4,1
Lisa Potts,17,279.5868910508511,1,3,0,1
Daniel Sandoval,37,461.14925183372384,1,2,5,1
Charles Carter,95,246.18070334544205,1,3,2,1
Michelle Beck,25,436.9160891673591,0,1,3,1
Robert Murphy,64,416.9908219383159,0,2,2,1
Margaret Miller,68,106.91767340079328,0,1,8,1
Matthew Herrera,52,385.6127314829551,0,3,0,1
Cameron Garcia,9,6.085578471629383,0,1,6,0
Alexander Barker,57,161.41476877404375,0,2,0,1
Cristina Williams,92,114.7837223459749,1,2,1,1
Veronica Richards,94,253.43147924365672,1,2,3,1
Kenneth Scott,88,368.4265808403928,1,1,5,1
Randall Wolfe,33,48.83818372386206,0,2,1,0
Nicole Morrison,20,257.4611009683842,0,2,2,0
Robert Brown,73,469.20601084719283,1,1,0,1
Dr. Kenneth Alvarez,72,114.32327549147276,1,3,5,1
Dawn Hernandez,88,338.57057205571203,1,2,6,1
Tiffany Sullivan,14,296.4401353905788,0,3,1,1
Ernest Livingston,59,5.031847828046665,1,3,2,0
Ashley Duran,82,237.91309792861136,1,2,6,1
Lawrence Black,56,354.3851954705243,1,1,6,1
Sandy Fernandez,65,21.9877160120453,1,3,7,1
Stephanie Brown,76,439.76074151186504,0,1,0,1
David Montes,93,260.04070831783656,1,2,5,1
Luis Adams,37,15.33052416285896,1,2,4,0
Adam Fox,26,112.2068059604201,1,2,7,0
Shane Young,33,476.8378482136565,1,2,4,1
Antonio Lee,43,291.15986652602766,1,2,6,1
Michael Rivera,15,53.73628388440227,0,2,6,0
Daniel Adams,87,143.77225114028076,0,1,8,1
Matthew Marquez,29,228.3518129302421,0,2,6,1
Emma Wilkerson,21,10.475034633865231,1,3,0,0
Pamela Thomas,83,205.8077568068794,1,3,2,1
Donald Cox,69,244.72931771734906,1,2,0,1
Cheryl Kemp,23,121.8389376406161,1,1,0,0
Brandon Anderson,84,294.3195001459933,0,2,8,1
Amanda Payne,8,376.6200597960884,0,2,4,1
Eugene Robinson,73,117.91711205281774,1,2,0,1
Hailey Bates,62,310.24995013999387,0,2,1,1
Doris Chavez,14,319.81112148187077,1,1,0,1
Alyssa Ayala,6,474.27015056442053,0,3,8,1
Katherine Young,1,389.1380836482219,1,3,5,1
Anne Jones,9,424.172634895003,1,3,2,1
Robert Mosley,80,245.20995421813757,0,3,8,1
Joseph Campbell,80,92.67429348969142,0,3,0,0
Rebecca Landry,54,497.9076464798175,0,3,5,1
Heather Vazquez,12,64.67788051934981,0,1,0,0
Nicholas Johnston,5,235.7286596771327,1,2,8,1
Deborah Lowe,40,34.0465496210533,0,1,5,0
Christine Gaines,93,471.92542867540976,1,1,6,1
Alexis Jones,46,482.4624704242198,0,1,4,1
Gregory Kelly,27,359.6945310019868,1,1,4,1
Amy Gallegos,75,174.99642181508446,1,1,2,1
Bradley Mcpherson,53,127.19120055881217,0,1,4,0
Brad Buck,50,132.6516622685237,1,2,0,1
Misty Robinson,92,63.647012710037366,1,1,8,1
Teresa Brooks,52,262.90447653836145,0,1,1,1
Michael Cline,19,70.90863785073876,1,3,7,0
Parker Solis,35,158.36533327672814,1,3,4,1
Nicholas Conner,52,313.35323797955243,1,2,1,1
James Villanueva,31,363.7718047953749,1,1,0,1
Misty Brown,54,12.136352311030606,1,3,5,0
Susan Gray,59,215.05799218836995,0,1,1,1
Courtney Patel,44,326.0622974210695,0,3,8,1
Valerie Murray,56,426.6229880792564,1,3,1,1
Daniel Santos,19,237.6623911060412,0,3,6,1
Shawn Carlson,46,484.6029358588426,0,3,0,1
Angela Ashley,88,132.81627377072363,0,1,0,1
Barbara Leonard,66,6.75435331335944,1,2,2,0
Stephen Holmes,71,241.8764323508681,1,3,0,1
Justin Walker,54,128.05689751000898,0,3,7,1
William Le,49,411.8588360115847,1,2,2,1
Tara Moreno,95,116.38633609055604,0,1,7,1
Kevin Morris,60,155.31460914565315,0,3,5,0
Kathleen Combs,81,395.61371550955613,0,2,4,1
Gary Hernandez,27,357.57162601268,0,1,0,1
Carolyn Salazar,36,279.02561832863125,1,1,7,1
Robert Ray,59,352.47403096137975,0,1,8,1
Todd Brady,50,209.31843178501325,0,1,1,1
Nicholas Velez,74,2.6550238073339005,0,1,3,1
Hector Nelson,45,5.677564256096279,0,3,2,0
Michael Jacobs,14,255.61089378684332,1,3,2,1
Vickie Pittman,71,41.64548985949962,1,1,5,1
Marissa Sanchez,39,25.53774008462839,0,2,7,0
Laurie Byrd,40,482.7583195687367,1,1,1,1
Chad Barnes,9,429.5013198290293,1,3,5,1
Nathan Allen,14,76.01361360478475,1,2,3,1
George Jones,8,0.3321092951022453,1,3,5,0
Dr. Thomas Diaz,81,470.8338976948782,1,3,6,1
Margaret Berg,23,139.16264916005716,1,2,3,1
Kayla Garcia,80,92.94880142774875,0,1,6,0
Brandon Erickson,90,345.75405391576766,1,1,7,1
Patrick Lambert,9,54.4518694206631,1,3,5,1
Amanda Watson,7,132.32479900140015,0,2,6,0
Alicia Townsend,82,487.5473401060232,0,2,5,1
Rebecca Robinson,72,319.7313872370051,1,3,7,1
Diana Soto,85,260.33889574127676,0,2,5,1
Daniel Grimes,90,198.95930741746886,1,3,3,1
John Johnson,67,387.250477442101,1,2,3,1
Jennifer Riley,61,70.47873826184686,0,1,4,1
Jorge Aguilar,17,483.66890101849106,1,3,0,1
Kelly Martinez DDS,57,430.5615040328933,1,2,1,1
Angela Shea,24,308.82849128462163,0,2,3,1
Timothy Brady,25,21.453095201279083,0,2,3,0
Wendy Torres,5,350.42782472386887,1,3,3,1
Tommy Bowen,50,456.6421704427404,0,2,8,1
Gary Fowler,88,262.288533739313,0,2,8,1
Christian Brown,31,177.11241091363138,1,2,3,0
Kayla Morgan,55,60.138672489734816,1,3,8,0
Karen White,26,377.45055206878413,1,3,4,1
Janet Price,21,442.5109256059031,1,1,0,1
Lisa Rosario,98,50.12587203792429,1,3,6,1
Nicholas Cowan,58,379.492277376171,0,3,8,1
Christopher Smith,24,8.530243129548754,1,3,6,1
Robert Woods,28,483.5274590386098,0,1,3,1
Steven Snow,30,307.5290103175481,1,1,8,1
Nicole Roberson,34,276.2195294958166,0,2,2,1
Bobby Collins,54,147.9749167944639,0,3,8,0
Kristina Davis,52,464.6458357848917,0,2,8,1
Michael Andersen,87,132.95281366839552,0,2,8,1
Charlene Pearson,8,414.0733066083475,1,2,2,1
Maria Wright,10,492.554339668566,1,3,5,1
Zachary Horton,55,391.69832275740293,1,3,6,1
Jessica Anderson,1,259.4949601932159,0,1,5,1
Beth Barton,84,33.03713192583596,0,1,8,0
Andrew Acosta,37,236.2068945855365,0,2,5,1
Heather Bradford,82,219.12797348585178,1,2,8,1
Mr. William Hunt,21,101.39802059349762,1,3,2,1
James Pruitt,4,211.79381835715222,0,1,0,1
Margaret Ayala,43,178.87894204016936,0,2,2,1
Allen Figueroa,66,81.84213057582423,0,2,0,0
Melissa Lawrence,21,220.68707166624307,1,1,2,1
Douglas Roman,37,131.39997816224454,1,3,0,0
Ashley Delgado,69,261.0312103411322,0,2,8,1
Andrew Brown,81,17.58002985809709,0,3,0,0
David Garcia,48,453.1157098936421,1,2,4,1
Randy Smith,11,408.18215275992804,1,3,4,1
Patricia Rodgers,95,276.2906662552523,0,2,3,1
Marc Perez,92,425.90429137862156,1,2,5,1
Mario Larson,44,481.1975369054002,0,2,2,1
Robert Robinson,64,55.261147026330285,0,3,4,0
Jonathan May,32,315.4159042049019,1,1,0,1
Alexandra Parker,21,498.9970004678293,0,3,5,1
Craig Rodriguez,71,493.94458466676303,1,3,5,1
Caroline Morales,10,301.6614961453723,1,3,7,1
Eric Powell,61,64.01043522540833,1,2,7,1
Christine Watts,92,291.5964154952641,1,2,1,1
Craig Garcia,36,1.0323177872108569,1,3,2,0
Carla Burke,84,99.45566733342982,0,3,8,0
Lauren Sullivan,77,478.06157977998,0,2,7,1
Kenneth Mcdonald,19,165.22028630142194,0,1,8,1
Alex Rodriguez,75,319.19505288847427,0,2,1,1
Jordan Taylor,99,140.42974731612134,1,2,3,1
Anthony Robinson,98,473.91094355579474,1,3,2,1
Billy Moore,44,364.2793649747434,0,3,8,1
Michael Joyce,4,164.82557879070632,1,2,7,1
Christopher Braun,13,395.8807105901854,0,3,1,1
Shawn Peterson,59,54.082762238168826,1,2,6,1
Jessica Flores,2,196.1594700327297,0,1,0,1
Todd Robinson,1,110.60906386579616,1,3,8,1
Thomas Oconnor,40,341.8632236380231,0,1,4,1
Daniel Garza,25,51.22314088596519,0,2,6,0
Ryan Williams,59,198.51291614133703,0,1,6,1
Wendy Boyer,37,138.3248651045948,0,3,1,1
Sean Garrett,70,253.17145966190208,1,1,3,1
Brittany Edwards,7,174.94884025193946,0,3,0,1
Michele Hampton,4,353.2052888335055,1,1,7,1
Paul Mitchell,99,12.288512153483033,1,3,1,0
Jessica Howard MD,41,316.99346065295373,0,2,7,1
Lisa Jackson,61,115.28564484691,0,1,1,0
Angel Dorsey,34,134.35451437842465,1,1,5,1
Connor Savage,29,400.1278017917618,0,1,5,1
Charles Simmons,69,477.78419699021043,1,3,6,1
Eric King,27,158.2751050135433,0,1,7,1
Sara Madden,97,413.40263518453787,0,1,7,1
Jesse Carr,52,51.995418985616546,1,3,8,0
Matthew Sanchez,74,316.9908265036916,1,3,4,1
Anthony Russo,54,375.5161497674594,1,1,5,1
Kenneth Boyd,70,77.98896401722827,0,1,8,0
Kelly Hodges,34,213.00119383478028,1,3,6,1
Cody Barr,8,446.3535821244908,0,1,8,1
Cory Kirby,95,51.78923172418609,1,1,5,1
Dustin Bryant,73,9.048179100737574,0,2,8,0
Nancy Green,85,295.2926895239669,1,2,8,1
Sonya Figueroa,8,217.76577026546673,0,1,4,1
Ashley Hall,68,399.34462444195134,1,2,5,1
Jason Diaz,86,461.72776910205334,0,2,2,1
Larry Vega,92,149.57682227190804,1,3,1,0
Anthony Horn,68,194.20205858455265,1,1,1,1
Nancy Nichols,85,243.13604316465742,1,1,7,1
William Woods,72,294.07573021764966,0,2,7,1
Lauren Neal,84,491.92691484080837,0,2,0,1
Judy Dennis,96,348.6651254150258,1,1,6,1
Mark Stark,1,194.7742536727844,0,3,3,1
Anthony Ramos,6,131.88384322523106,0,1,2,1
Daniel Vazquez,92,472.312859211062,0,3,1,1
Tiffany Spence,31,67.7742165542532,1,1,1,1
Mrs. Maria Hudson,74,360.13292625237904,1,1,0,1
Molly George,84,462.69751264622033,1,3,7,1
Alicia Tapia,8,332.3327932672193,1,3,7,1
Gina Jones,22,211.52722008306057,0,3,0,1
Regina Green,93,99.495469962742,0,3,3,1
Christopher Blanchard,9,183.73766112596363,1,3,6,0
Stephen Smith,44,353.43590471006104,1,3,4,1
Angel Mccormick,47,324.7671120876484,1,3,8,1
Kyle Wright,1,463.988083299179,1,2,1,1
Deanna Richard,52,433.43045682968744,1,1,4,1
Austin Copeland,39,408.0753761331842,1,3,5,1
Jessica Allen,90,455.72543767538116,1,2,4,1
Tracey Clark,75,138.1685763685247,1,1,2,1
Steven Carson,99,184.76177006982476,1,1,6,1
Mr. Daniel Brown,88,189.9469518930087,0,1,3,1
Sarah Davis,97,280.22529435489014,1,2,2,1
Darren Williams,84,334.1091147713855,1,2,2,1
Kimberly Wilson,27,143.35834152019717,0,1,3,1
Laura Walsh,79,9.731233654650174,0,2,0,0
Allen Myers,33,199.61119182895465,1,2,0,1
Anne Rodriguez,71,154.26397977720023,0,3,6,1
Janet Shepard,98,471.09235950902394,0,2,4,1
Eric Freeman,45,444.1325202720218,1,1,3,1
Ann Guerra,60,430.1553391717098,0,1,0,1
Paige Key,58,326.4998804726215,0,2,0,1
Dr. Alexis Robinson,51,172.14458234946943,1,2,8,1
Kevin York,46,274.42463369965236,1,1,8,1
Lisa Evans,5,407.6125203581864,1,1,2,1
Shane Frederick,58,49.305184361405516,0,2,4,1
Timothy Watson,94,400.53744012765236,0,2,4,1
Sean Schmidt,92,20.58989566406083,0,3,8,1
Steve Garcia,18,408.21051560717785,0,1,5,1
Veronica Harrell,36,403.78190207993674,1,2,8,1
Paul Thornton,67,25.50365441437791,1,2,2,1
Maria Montoya,21,313.5803557309291,0,2,6,1
Mary Gould,46,251.22653715644861,0,1,6,1
Mr. Jesse Dawson,58,84.90975158585734,1,3,0,0
Francis Patton,80,74.18946883868782,0,2,1,0
Brandon Alvarado,37,386.6295630335116,0,3,5,1
Rachel Cole,63,283.84637441842204,0,1,3,1
Angela Garcia,5,491.49956745826626,0,3,3,1
Ronnie Love,78,491.12388864417204,1,3,4,1
Russell Wilson,31,496.3334967321332,0,3,1,1
Kathleen Smith,88,59.30775918288295,0,1,2,0
Andrew Brown,99,469.12806848198113,1,1,4,1
Mitchell Huber,36,122.2848045102814,1,2,8,1
Jonathan Duran,74,229.106129879306,0,2,1,1
Ray Payne,91,378.70327791086294,0,2,3,1
Jessica Williams,56,101.81046603861598,1,3,0,1
Alan Poole,27,283.155802777165,0,3,7,1
Daniel Mcclure,23,92.90837411299785,1,3,8,1
Jared Collins,77,52.36805334064665,0,1,2,0
Jeffrey Douglas,80,58.27930621479926,0,2,1,0
Benjamin Cohen,99,178.8195174241094,1,1,6,1
Jacob Young,91,2.3274184185917424,0,3,8,0
Christy Fox MD,52,212.42696060084475,1,2,2,1
Michelle Shepherd,47,332.09855254057453,0,1,8,1
Aaron Hansen,81,200.84409250199437,0,2,1,1
Alexis Gregory,62,42.89730025991756,1,2,7,0
Joel Park,61,31.344431011820273,1,2,4,0
Kathryn Smith,48,139.05825638243087,0,3,4,1
Jennifer Davis,1,84.65634527180038,1,3,2,1
Joseph Turner,11,482.54748660898474,0,2,4,1
Molly Mack,76,75.6151124870425,0,3,7,1
David Garcia,14,402.73121870249827,0,1,3,1
Krista Taylor,72,293.0539708705724,1,1,4,1
Christopher Villegas,95,284.6434599921472,0,1,7,1
Danielle Luna,7,256.0403579618923,1,3,0,0
Luis Villanueva,46,485.88153805697556,0,2,4,1
Ashley Berry,31,181.9223875458189,1,1,4,1
Brett Smith,16,393.9578754769381,1,1,8,1
Lisa Cunningham,42,277.6470537334798,1,3,7,1
Mary Roy,39,197.81683381286308,0,3,8,1
Jennifer Acevedo,54,477.73296665289047,1,3,5,1
Ryan Buchanan,44,299.15798468234357,1,2,6,1
Christopher Wood,83,59.45847107300678,0,2,2,0
John Phillips,8,208.7696004984283,1,3,8,1
Steven Gilmore,93,390.7908638408038,1,1,8,1
Leah Davis,66,346.8735116196069,0,3,8,1
Kimberly Hoffman,42,458.1701649182871,1,1,0,1
Michael Hamilton,67,129.6886920707601,1,3,0,0
Antonio Marks,93,379.0968581769119,0,2,1,1
Anthony Burns,79,229.93760369726047,0,1,0,0
Keith Travis,92,286.80487348340773,1,2,5,1
Glenn Martinez,32,477.52334050314147,0,1,8,1
Maria Lewis,94,489.6431599945887,0,1,3,1
Shannon Fox,51,430.79548196278176,0,3,0,1
Mr. Michael Atkinson,47,179.54854386514813,0,1,4,1
Cody Terrell,94,443.8504178636599,0,3,2,1
Lisa Green,34,319.3045888207065,0,2,1,1
Elaine Perkins,13,214.99839023535654,1,3,8,1
Michael Ramirez,97,17.87134125024187,0,2,4,0
Kimberly Smith,81,385.0640620957911,0,2,1,1
Denise Prince,67,251.05279036205653,1,3,6,1
Richard Perkins MD,73,393.0942497325304,0,1,1,1
Gregory Sanchez,11,374.01139967163493,1,2,2,1
Jim Johnson,91,396.78368402417595,1,1,3,1
Barbara Carroll,28,150.32557934838343,1,2,0,0
Juan Campbell,57,400.39929953381545,1,2,4,1
Michael Wagner,66,274.42316423308364,1,2,5,1
John Moss,65,236.6631002245716,0,3,3,1
Sara Franco,70,337.5629569103785,1,3,8,1
Thomas Perkins Jr.,89,10.679341469174153,1,2,7,1
David Hampton,35,51.158407943797116,0,3,8,0
Alex Singh,80,146.088682583761,0,3,8,1
Robert Copeland,4,491.4950549789198,1,2,2,1
Joshua House,61,69.87288943247749,0,2,5,1
Christine Juarez,38,165.29815037960515,0,3,3,1
Kelly Kent,44,25.526532345961805,1,3,7,1
Christopher Baker,84,165.63444014636315,1,2,6,1
Whitney Bush,89,160.1631432554158,0,3,3,0
Kenneth Perez,71,473.40358547226106,0,2,5,1
Carolyn Barrett,21,422.5770434978602,0,1,5,1
Joshua Nichols,7,191.38210962138575,1,2,4,1
Thomas Ford,29,12.384529019624335,1,2,3,0
Laura Newman,7,415.5155569976891,0,2,2,1
Gail Guerrero,67,330.2680885722701,0,1,1,1
Shannon Young,93,76.18224182565486,0,2,6,1
Cody Nichols,93,498.03563550509364,1,2,0,1
Chad Schaefer,70,50.11671871206153,1,2,0,0
William Henry,74,433.5572707968314,1,1,6,1
Diana Ramirez,55,147.1330820648445,1,1,3,1
Jason Edwards,78,217.67673316257853,0,3,8,1
Beth Torres,22,397.7282633881573,0,1,3,1
Daniel Martin,32,338.7541779970051,1,2,3,1
Ms. Lindsay Odom DDS,82,468.9321872220196,1,2,7,1
Lauren Hernandez,36,310.5701627301916,0,3,4,1
Matthew Vargas,9,48.905080739526376,0,3,8,0
Stephanie Livingston,26,442.1801816209752,0,2,6,1
Zachary Ortiz,22,384.57776249429554,1,3,6,1
John Parks,46,355.935225446661,0,1,7,1
Sierra Kim,87,26.866773676867684,0,2,2,0
Nicole Harris,17,198.111372330872,0,2,5,1
Gregory Rivera,26,83.71790972976962,0,1,4,1
Dr. Ryan Horn,38,410.95195420393446,0,2,0,1
Thomas Higgins,2,350.2643114089314,1,2,5,1
William Brown,6,441.53879865956765,1,1,6,1
Jimmy Parks,71,483.287553462082,1,3,6,1
Cassandra Miller,13,387.3738070962493,1,2,8,1
Sydney Schwartz,91,497.11654161038103,1,1,5,1
Matthew Norris,75,307.38494307214944,0,1,2,1
Shane Johnson,55,18.564801945723907,0,3,3,0
Chris Mendoza,79,7.12575757514794,0,3,7,0
John Hernandez,63,171.05193760189437,0,2,3,1
Karen Smith,73,411.7358595337686,1,1,5,1
Paul Petersen,72,433.0673531623655,1,2,1,1
Alicia King,46,480.40626441133895,1,1,1,1
Jimmy Thomas,6,32.5607342744092,1,1,0,1
Jasmine Barrett,48,22.285555493832042,1,2,4,1
Tina Ramirez,60,456.64179818351687,0,2,3,1
Joy Francis,43,152.5233491814308,0,1,3,1
Stephanie Barnett,68,278.99370030481634,0,1,4,1
Brett Payne,11,491.22244150035493,1,2,3,1
Jeff Logan,58,200.22426736796166,0,3,5,1
Emily Hughes,92,332.9356991549199,0,1,8,1
Lisa Miller,90,200.43978181599266,1,3,1,1
Mindy Woods,4,384.0973322313899,1,2,3,1
Brandi Evans,79,263.85736278643293,0,3,0,1
Kristine Williams,83,118.76156899317486,1,3,6,1
Elizabeth Thomas,70,135.65305062923312,0,1,4,0
Robin Harris,59,129.0296062692036,1,1,7,1
Ashley Robertson,5,266.1601641292804,1,3,6,1
Jacob Romero,18,351.59450800783213,1,1,5,1
Steven Flores,70,474.63995002157105,0,3,6,1
Allen Henderson,64,347.04368754148993,1,3,0,1
Linda Durham,95,390.5964219811953,0,2,7,1
Nicole Mcclure,25,84.46305793228281,0,3,7,0
Natasha Dougherty,4,187.03131250366283,1,2,1,1
Ralph Castaneda,70,206.89010992913305,0,1,0,1
Catherine Mendoza,41,343.1901150002365,0,3,2,1
Natalie Dickson,37,147.9459881884368,1,2,6,1
Pamela Meyer,59,151.64596070983305,1,2,6,1
Kevin Lopez,50,177.94457732043406,1,2,7,0
Nancy King,56,405.1510407716161,1,3,4,1
Terry Dillon,25,288.79504502167435,1,1,3,1
Charles Brown IV,34,37.63863991636723,0,3,3,0
Matthew Delgado,19,39.123049845234405,1,1,5,0
Amanda Acosta,98,185.64347214124965,0,2,1,1
Sonya Perez,79,383.29552530307916,0,3,0,1
Mr. Patrick Frye III,8,344.34171323934027,0,2,1,1
Barry Park,54,353.9911773255933,0,1,2,1
Martin Ray,47,383.6050330270485,0,2,5,1
Alyssa Gray,34,143.57635644316468,1,2,4,1
Brian Stewart,82,274.128140971044,0,1,2,1
Dr. Lauren Klein,30,271.6763201583848,0,1,6,1
Lisa Cardenas,13,369.81625058997463,1,2,4,1
Michael Cooper,47,478.4352845528232,0,1,1,1
Sara Lopez,33,138.99497239773297,1,3,0,1
Natalie Reynolds,35,396.6408363785241,1,3,7,1
Michael Edwards,88,329.9852742616312,1,1,8,1
Alexandra Richardson,26,290.11893543173005,1,3,2,1
Paul Bird,47,387.439889673701,0,2,8,1
Maria Anderson,53,472.0162332140497,0,1,5,1
Jenna Weiss,65,18.345708934706494,0,3,3,0
Samuel Robinson,77,73.70005125661034,1,1,2,0
Matthew Logan,74,378.1436157505579,0,3,2,1
Gloria Brown,19,41.89567645504228,1,1,6,1
Paul Anthony,5,258.0618503705465,0,2,8,1
Emily Prince,8,109.93038832080349,0,2,1,1
Desiree Johnston,4,137.14785192137575,0,1,4,1
Johnny Brock,49,350.92024147220815,1,3,1,1
Jennifer Serrano,77,15.096386634355808,0,3,3,0
Travis Lawrence,38,436.6597139509518,0,1,7,1
Michelle Ferguson,49,222.239477676135,0,3,3,1
Jessica Ruiz,83,251.19664695355053,1,3,0,1
Edward Adams,52,270.02398184684597,0,1,7,1
Danielle Bryant,50,322.77214728974695,0,3,3,1
Mrs. Cindy Rose DVM,72,172.42829331137403,1,2,0,1
Rachel Medina,91,50.55374528174566,0,3,8,1
Daniel Maldonado,50,159.18946833308829,1,1,3,1
Jacqueline Johnson,30,84.07105901141016,1,1,7,0
David Hunter,4,278.06658972523695,1,1,4,1
Diamond Henry,75,159.01431548019323,0,2,1,1
Matthew Bowers,85,479.0335889967174,1,3,6,1
Joshua Williams,66,482.86713899014035,1,1,4,1
Abigail Allen,21,310.0629402841207,1,1,3,1
Don Wise,81,308.748633833643,1,1,6,1
Carmen Ballard,43,492.689282283553,1,3,6,1
Nathan White,29,443.641575617593,0,3,4,1
Terry Goodman,27,382.53497457906997,1,3,2,1
Perry Brown,88,156.7953058713506,0,3,7,1
Olivia Mcintosh,53,182.7695140590382,1,3,3,1
Juan Roberts,49,100.63338288043272,1,3,1,1
Erika Warren,67,243.5740634586873,1,1,0,1
Jonathan Allen,10,495.1842610697898,1,2,6,1
Crystal Anderson,3,456.07547650579437,1,1,1,1
Janet May,90,59.174717009734536,1,2,5,0
Robert Jenkins,91,12.595144645253075,1,1,4,1
Calvin Brooks,69,449.3188342041331,0,1,6,1
Jason Jensen,11,268.5850639743537,0,2,3,1
Brett Hernandez,13,100.09494410422809,0,1,1,0
Mr. Anthony Holt,98,336.8266347923177,1,2,7,1
Brianna Johnson,38,322.11158896490997,1,2,7,1
William Graham,40,61.042803418233596,1,2,8,0
Valerie Cain,33,129.80011674880976,1,1,0,0
Mary Nguyen,34,30.03898215662898,1,3,0,1
Sherri Sullivan,27,104.93023693507098,1,1,2,0
Holly Brewer,90,66.15283742653145,0,1,6,0
Christian Parker,51,96.61814623727804,1,2,1,1
Marc Garcia,89,342.7335729565585,0,2,5,1
Mark Gonzales,83,24.749872130533866,0,3,1,0
Rhonda Alvarez,21,50.927307624108245,0,2,7,0
Katelyn Patton,95,67.08681903914382,1,3,3,0
Lisa Barnes,29,158.270560479067,1,1,3,1
Paul Brown,73,149.37515542597046,1,2,2,0
April Nguyen,19,127.5318926583197,0,1,4,1
Mike Perry,26,375.26832671620815,0,3,5,1
Jasmine Moses,25,499.0113938790503,1,3,4,1
Brian Weaver,40,266.9889618143979,1,3,6,1
Chloe Shelton,29,472.101358956971,0,1,8,1
Timothy Clark,25,198.30505606303234,0,3,0,1
Wanda Bauer DDS,19,53.34122340135672,0,3,6,0
Catherine Reese,68,204.38691473491866,0,1,7,1
Paige Li,45,148.06388670734665,0,1,6,1
Patrick Tran,84,246.70348114458906,0,3,5,1
Pamela Petersen,46,328.5218384582116,1,2,4,1
Tammy Perez,55,230.5251095762041,0,3,7,1
Brian Stewart,1,467.5802560389128,0,2,3,1
Jessica Salazar,11,442.38241114969,1,1,6,1
Raymond Gonzalez,68,350.9887975830986,0,1,3,1
Crystal Rivas,7,244.84245618227456,1,1,7,1
Amy Garner,92,65.84364090722843,0,1,8,0
John Sanchez,58,198.5068333888167,1,1,4,1
Anthony Sanchez,71,352.2007697005868,0,1,8,1
Andrew Yoder,20,142.44276027686558,0,1,2,0
Robin Cantrell,35,51.994038771710215,0,2,6,0
Mrs. Jamie Cox,51,453.9492287553141,0,3,6,1
Anthony Scott,21,354.52540490777227,1,3,5,1
Heidi Zimmerman,44,307.6382133175486,1,1,7,1
David Velasquez,1,396.24945280445826,1,1,8,1
Luis Ramos,67,417.8230187917378,1,1,2,1
Rachel Friedman,98,241.72949908551166,1,3,2,1
Christopher Willis,13,440.59412570472,1,2,0,1
Tina Phillips,16,458.2095053505527,0,2,8,1
Steven Smith,34,135.7755477123907,0,2,1,1
Kelsey Vasquez,24,303.7726798953971,0,3,7,1
George Williams,13,263.2920144102346,0,2,5,1
Thomas Day,6,268.9728895759512,0,1,7,1
Jerry Simpson,39,468.831546982281,1,1,5,1
Patrick Wise,2,152.59435134651451,0,3,6,0
Heather Miller,11,491.7169891172881,0,2,2,1
Deborah Jones,7,451.06560740211603,0,3,7,1
Dean Garcia,7,229.3614443067513,1,3,7,1
Shelby Hall,39,408.7266318090831,1,2,4,1
Kristina Roman,76,384.5234971600703,1,2,3,1
Shelby Valencia MD,86,338.94748480926063,1,1,3,1
Timothy Weiss,51,159.91694469157713,0,2,5,0
Jeffrey Johnson,52,98.22549591047697,1,2,5,0
Stacey Smith,3,335.7638483828791,0,1,6,1
Jasmine Campos,77,421.4866482005421,1,1,1,1
Robert Phillips,30,8.12639433868484,1,1,2,1
Jessica Coleman,10,321.401687654256,0,1,0,1
Richard Flowers,73,221.4365123111062,1,2,2,1
Mallory Goodman,6,449.0438775634918,0,3,5,1
Justin Martin,54,160.73646542710262,0,3,2,1
Jennifer Phillips,66,237.09240613181086,1,3,0,1
Jill Taylor,44,257.38355201759316,0,1,3,1
Elizabeth Lopez,80,70.2197606855265,0,2,8,0
Cody Carrillo,63,356.4461513494532,0,3,3,1
Jeffrey Martinez,77,415.23817256047977,1,2,1,1
Tyler Wilson,48,28.954638448130122,1,2,0,0
Maureen Tate,77,145.69441026845138,1,1,6,1
Sean Johnson,22,19.022340767528956,1,1,4,0
William Smith DVM,19,478.27205234412116,1,2,6,1
Courtney Barker,90,333.5844103519118,0,2,4,1
Gwendolyn Graham,14,482.10020972739073,0,2,1,1
Lori Gonzalez,95,265.7471391656539,0,2,3,1
Tammie Edwards,93,401.03426194780695,0,2,6,1
Elizabeth Booker,86,187.20699193987,0,2,2,1
Linda Cochran,7,176.90951628632047,0,1,8,1
Karen Johnson,49,189.13390855256634,1,2,8,1
Nathan Summers,41,328.9310668632141,1,2,2,1
Christine Cortez,27,179.7265755108261,0,3,3,1
James Phillips,31,450.1837258021128,1,3,2,1
Stacy Rodriguez,6,491.63743252507766,1,3,1,1
Jason Carter,16,15.213257668502955,0,1,1,0
Shannon Payne,64,96.81164520124824,1,2,5,1
Kathleen Rose,38,56.124996293692995,1,1,6,1
Jacqueline Floyd,60,21.182023545721627,1,2,1,0
Devin Calderon,96,113.87049667364325,1,1,7,1
David Austin,97,223.39666018454056,0,1,6,1
Carmen Miller,81,418.49518264434187,0,1,2,1
Carla Miller,33,110.91201525499805,0,1,2,0
Ashley Price,63,246.97262783110062,1,3,6,1
Keith Bryant,11,464.80936972337724,1,1,8,1
Jessica Dennis,13,333.60735339333746,0,1,5,1
Lisa Taylor,94,399.03950987799874,0,2,6,1
Rebecca Powell,65,275.4969850927431,0,2,5,1
Beth Lam,30,490.233229420315,0,3,2,1
Ashley Blankenship,91,294.3310773407371,1,1,8,1
Virginia Wilson,23,22.755356981295773,0,2,5,0
Alexander Hill,20,98.99139996989742,1,1,8,1
Gregory Day,6,202.386814478574,0,1,8,1
Jason Roberts,37,300.63858628688814,0,1,0,1
Aaron Schneider,84,385.96543370447995,1,2,0,1
Dr. Ryan Jackson,6,206.54306295194314,1,2,4,1
Jennifer Mitchell,93,355.02915250784434,0,1,4,1
Ariana Nunez,77,394.93475155456247,0,1,5,1
Kyle Hooper,27,158.63009862499138,1,1,2,0
Amber Graham,84,489.6351200179093,1,2,7,1
Riley Stein,13,324.8282476179178,0,1,6,1
Joanna Morales,8,440.4990303930656,1,3,1,1
Hannah Wood,53,277.96884440430335,0,1,7,1
Erica Myers,81,370.80155357616184,1,3,2,1
Dana Howell,30,385.27203080818265,0,2,0,1
Bobby Brown,1,454.1241896172895,0,1,6,1
Natalie Schneider,88,75.17487843568516,1,2,7,1
Linda Schultz,80,279.14171208462426,0,3,3,1
Christine Morton,75,214.18925655292813,1,2,3,1
Christopher Davis,4,461.57951058687013,0,2,6,1
Kim Burton,62,52.5473471244996,0,2,1,0
Michael Todd,68,491.2869443404564,0,1,1,1
Eric Ramirez,17,437.72566204664815,0,2,5,1
Kevin Wagner,74,36.913140782124266,0,3,1,0
Stacy Wilson,85,245.48319277023722,0,1,1,1
Theresa Armstrong,57,358.77975010626295,0,3,3,1
Katie Scott,63,369.0757728455282,0,3,6,1
Kristina Donovan,57,453.2470626189604,0,1,5,1
Matthew Lopez,49,399.9327177911555,0,2,2,1
Peter Gonzales,18,155.46519017204474,1,2,1,1
Christopher Smith,58,249.2173929312262,1,2,3,1
Mr. Darren Buchanan,10,350.892881467927,0,2,2,1
Michele Burns,63,69.2184206821757,0,2,1,0
Leah Robbins,80,96.99539880009867,1,3,0,1
Gabriella Gordon,79,240.5212240549363,0,3,0,1
Julia Malone,34,149.12289935275635,0,1,5,1
Tracey Nelson,5,431.2796248920475,0,2,4,1
Kelly Miller,17,293.138660760309,0,2,3,1
David Shepard,72,174.33259885918383,0,2,8,1
Frederick Fuentes,63,424.41651280220503,0,3,2,1
Kevin Luna,24,402.4392242771194,1,1,0,1
Alexa Huff,92,499.17743854963476,1,2,4,1
Jennifer Hale,8,423.65384416686743,1,1,8,1
Matthew Ramos,23,207.22826740283983,0,3,3,1
Danny Waller,99,63.749440884994236,0,2,7,0
Kevin Wagner,31,420.3204541002389,0,3,5,1
Hector Newman,81,29.87895898019699,0,2,1,1
Jeanette Allen,28,175.1356036724271,0,1,3,1
Candice Kennedy DVM,48,459.8689903856369,0,2,0,1
Melissa Werner,12,480.38323672255035,1,2,4,1
Michael Howell,88,320.2822967606092,1,3,1,1
Jose Griffin,79,344.3241584918568,1,1,3,1
Jaclyn Anderson,31,21.227244362761244,0,1,4,0
Andrew Martinez,91,257.24017054477395,1,2,8,1
Andrea Henson,35,273.4340894031706,1,3,8,1
Stacy Campos,55,170.05037306205557,1,2,5,1
John Boyer,82,34.29841737694217,1,3,0,0
Madison Thompson,36,114.453799862197,1,2,3,0
Marilyn Velasquez,72,178.99196843059818,1,2,5,1
Amy Henry,60,217.5709932581648,0,3,8,1
Nathaniel Nicholson,38,295.4633627667846,0,2,0,1
Michael Mcclure,69,361.1957593491182,0,1,5,1
Chelsey Peterson,54,158.81593663697308,1,1,5,1
Charlene Fleming,14,164.47687995949155,0,3,8,0
Brett Zimmerman,20,9.845821361851858,1,3,2,0
Edward Weaver,9,20.43743004700915,1,2,0,1
Robin Wood,97,128.9108471542682,0,2,7,1
Michael Carter,82,370.1224988374783,0,1,7,1
Teresa Perry,70,314.1569151869561,1,3,0,1
Jimmy Kemp,2,384.89451033891737,1,3,3,1
Sara Logan,30,384.4597181074109,1,1,1,1
Kristine Torres,6,428.2837338346506,0,3,0,1
Kelli Douglas,81,360.1596329934418,1,2,8,1
Susan Taylor,41,489.5054595004114,1,3,0,1
Kristy Moody,23,449.4126096509087,1,3,6,1
David Miller,31,293.3585831116171,1,2,2,1
Cory Campbell,20,294.0788352455859,1,2,1,1
Barbara Smith,5,17.133520176114747,1,1,3,0
Diane Wood,21,499.2632888541771,0,1,4,1
Lee Phillips,75,65.7879986830709,1,1,5,0
Christine Tucker,68,370.17359831579597,1,3,1,1
Michele Whitaker,87,410.50759756215444,0,2,6,1
Ernest Fisher,61,186.52726465260162,0,3,1,1
Cassie Mack,94,98.42602733265687,0,2,3,1
John Davis,42,49.379943395277515,1,2,8,0
Paul Potter,41,374.3030029147889,0,3,2,1
Randy Smith,61,226.32676460284785,0,3,6,1
Dana Campbell,82,356.8588795005678,0,3,0,1
Mary Stevenson,52,457.7038244259003,1,2,4,1
Alexander Adams,41,73.29186807552834,1,2,4,0
Cynthia Wright,60,459.58550036189985,1,3,0,1
James Dickson,95,205.81322975421836,1,2,3,1
Elizabeth Wolf,30,152.63350494864451,0,2,3,1
Ian Harrison,98,471.53113030138957,0,3,6,1
Robert Morgan,95,495.3258463031997,0,2,7,1
Samantha Cobb,38,99.44610888372407,1,1,6,1
Ralph Davis,89,328.41917347599167,0,3,7,1
Lauren Bowers,17,53.24765688553018,1,1,1,0
Adam Anderson,40,325.4570019287529,0,1,6,1
Tyler Reed,30,413.65661388792483,1,1,8,1
Gregory Wallace,66,342.2492732620338,1,1,2,1
Paul Anderson,24,208.66657103129788,1,1,5,0
Samuel Moore,73,191.53317978188477,0,1,0,1
Kevin Ward,1,196.56120761170854,0,3,2,0
Karen Nelson,88,294.8559089964616,1,3,5,1
Jason Hernandez,38,440.7836350362478,1,2,3,1
John Martin,64,464.5330786343839,0,3,0,1
Jonathan Simon,27,26.764810103659052,0,1,5,0
Elizabeth Hobbs,90,90.81119732284415,1,3,2,1
Vincent Wise,90,56.112157914144255,1,1,3,1
Alyssa Joyce,7,96.667320383457,1,1,3,0
Amanda Aguilar,89,173.3039053045859,1,3,0,1
James Johnson,80,253.2658413113119,0,1,6,1
Christopher Cummings,42,314.73061350457607,1,1,6,1
Martin Smith,18,366.0711095698507,1,1,1,1
Samantha Murphy,81,445.05577069290354,1,1,6,1
Allison Jones MD,44,494.5442186148954,0,1,5,1
Robert Martinez,70,331.4282392785599,0,3,6,1
Christopher Mckinney,20,422.68225933388146,1,1,2,1
Karen Cox,23,389.0194234623495,1,3,0,1
Eduardo Ward,12,153.766019609356,1,3,1,1
Caitlin Long,12,437.84613511746153,0,3,8,1
Jay Morales,34,21.381568973899423,0,3,0,0
David Short,8,0.18367187572893018,1,3,4,0
Roberto Pennington,27,136.8663146942321,0,1,8,1
Cody Ramirez,49,231.04876481372494,1,3,2,1
Patricia Allen,72,319.18144750033866,0,3,7,1
Taylor King,55,50.8851332722724,1,2,8,0
Angela Kaufman,97,336.50506691742,1,3,0,1
Tracy Lucas,83,400.9079335298473,1,3,6,1
Michael Carr,88,92.6564597896834,0,2,4,1
Joseph Smith,22,207.56262741589694,1,3,0,1
Charles Gonzales Jr.,3,259.9924949766549,1,1,5,1
Shaun Garrett,9,225.90350904224033,1,3,7,1
Adam Hunt,11,399.91496544423535,0,2,1,1
Kimberly Sanders,6,480.2611990596654,1,3,2,1
Christopher Henry,39,399.47658200408995,0,1,0,1
Jessica Roberts,39,38.996408937912285,1,3,8,1
Debra Galloway,66,402.46778607956355,1,1,5,1
Benjamin Hicks,60,33.29816611777559,0,1,6,0
